Var1,Var2,Var3,Var4,Var5,Var6,Var7,Var8,Var9,Var10,Var11
8.8,0.61,0.14,2.4,0.067,10,42,0.9969,3.19,0.59,9.5
7.3,0.58,0.3,2.4,0.074,15,55,0.9968,3.46,0.59,10.2
7.8,0.735,0.08,2.4,0.092,10,41,0.9974,3.24,0.71,9.8
7.8,0.53,0.33,2.4,0.08,24,144,0.99655,3.3,0.6,9.5
12.5,0.56,0.49,2.4,0.064,5,27,0.9999,3.08,0.87,10.9
8.4,0.715,0.2,2.4,0.076,10,38,0.99735,3.31,0.64,9.4
6.9,0.36,0.25,2.4,0.098,5,16,0.9964,3.41,0.6,10.1
10.3,0.41,0.42,2.4,0.213,6,14,0.9994,3.19,0.62,9.5
10.3,0.43,0.44,2.4,0.214,5,12,0.9994,3.19,0.63,9.5
12.2,0.34,0.5,2.4,0.066,10,21,1,3.12,1.18,9.2
7.7,0.665,0,2.4,0.09,8,19,0.9974,3.27,0.73,9.3
6.7,0.75,0.01,2.4,0.078,17,32,0.9955,3.55,0.61,12.8
9.4,0.27,0.53,2.4,0.074,6,18,0.9962,3.2,1.13,12
9.4,0.27,0.53,2.4,0.074,6,18,0.9962,3.2,1.13,12
7.4,0.63,0.07,2.4,0.09,11,37,0.9979,3.43,0.76,9.7
9.1,0.45,0.35,2.4,0.08,23,78,0.9987,3.38,0.62,9.5
9.5,0.56,0.33,2.4,0.089,35,67,0.9972,3.28,0.73,11.8
12.8,0.84,0.63,2.4,0.088,13,35,0.9997,3.1,0.6,10.4
9.6,0.54,0.42,2.4,0.081,25,52,0.997,3.2,0.71,11.4
10.5,0.51,0.64,2.4,0.107,6,15,0.9973,3.09,0.66,11.8
10.5,0.51,0.64,2.4,0.107,6,15,0.9973,3.09,0.66,11.8
9.2,0.43,0.49,2.4,0.086,23,116,0.9976,3.23,0.64,9.5
9.9,0.63,0.24,2.4,0.077,6,33,0.9974,3.09,0.57,9.4
9.9,0.63,0.24,2.4,0.077,6,33,0.9974,3.09,0.57,9.4
9,0.44,0.49,2.4,0.078,26,121,0.9978,3.23,0.58,9.2
10.2,0.24,0.49,2.4,0.075,10,28,0.9978,3.14,0.61,10.4
7.6,0.51,0.24,2.4,0.091,8,38,0.998,3.47,0.66,9.6
7.5,0.64,0,2.4,0.077,18,29,0.9965,3.32,0.6,10
9.6,0.88,0.28,2.4,0.086,30,147,0.9979,3.24,0.53,9.4
8.6,0.47,0.47,2.4,0.074,7,29,0.9979,3.08,0.46,9.5
9,0.69,0,2.4,0.088,19,38,0.999,3.35,0.6,9.3
9.4,0.685,0.26,2.4,0.082,23,143,0.9978,3.28,0.55,9.4
6.9,0.765,0.18,2.4,0.243,5.5,48,0.99612,3.4,0.6,10.3
6.9,0.635,0.17,2.4,0.241,6,18,0.9961,3.4,0.59,10.3
6.5,0.46,0.14,2.4,0.114,9,37,0.99732,3.66,0.65,9.8
9,0.82,0.05,2.4,0.081,26,96,0.99814,3.36,0.53,10
6.5,0.46,0.14,2.4,0.114,9,37,0.99732,3.66,0.65,9.8
8.2,0.28,0.4,2.4,0.052,4,10,0.99356,3.33,0.7,12.8
8.2,0.28,0.4,2.4,0.052,4,10,0.99356,3.33,0.7,12.8
6.7,0.28,0.28,2.4,0.012,36,100,0.99064,3.26,0.39,11.7
6.7,0.28,0.28,2.4,0.012,36,100,0.99064,3.26,0.39,11.7
9,0.8,0.12,2.4,0.083,8,28,0.99836,3.33,0.65,10.4
8.3,0.31,0.39,2.4,0.078,17,43,0.99444,3.31,0.77,12.5
8.3,0.31,0.39,2.4,0.078,17,43,0.99444,3.31,0.77,12.5
7.4,0.635,0.1,2.4,0.08,16,33,0.99736,3.58,0.69,10.8
7.4,0.635,0.1,2.4,0.08,16,33,0.99736,3.58,0.69,10.8
7.4,0.52,0.13,2.4,0.078,34,61,0.99528,3.43,0.59,10.8
8.3,0.34,0.4,2.4,0.065,24,48,0.99554,3.34,0.86,11
9,0.38,0.41,2.4,0.103,6,10,0.99604,3.13,0.58,11.9
9,0.4,0.43,2.4,0.068,29,46,0.9943,3.2,0.6,12.2
10.1,0.38,0.5,2.4,0.104,6,13,0.99643,3.22,0.65,11.6
11.3,0.36,0.66,2.4,0.123,3,8,0.99642,3.2,0.53,11.9
11.3,0.36,0.66,2.4,0.123,3,8,0.99642,3.2,0.53,11.9
10.1,0.37,0.34,2.4,0.085,5,17,0.99683,3.17,0.65,10.6
5.6,0.605,0.05,2.4,0.073,19,25,0.99258,3.56,0.55,12.9
9.9,0.53,0.57,2.4,0.093,30,52,0.9971,3.19,0.76,11.6
10.2,0.29,0.65,2.4,0.075,6,17,0.99565,3.22,0.63,11.8
7.7,0.61,0.18,2.4,0.083,6,20,0.9963,3.29,0.6,10.2
6.6,0.52,0.08,2.4,0.07,13,26,0.99358,3.4,0.72,12.5
8.7,0.42,0.45,2.4,0.072,32,59,0.99617,3.33,0.77,12
6.9,0.45,0.11,2.4,0.043,6,12,0.99354,3.3,0.65,11.4
7.1,0.66,0,2.4,0.052,6,11,0.99318,3.35,0.66,12.7
8.2,0.35,0.33,2.4,0.076,11,47,0.99599,3.27,0.81,11
8.2,0.35,0.33,2.4,0.076,11,47,0.99599,3.27,0.81,11
8.3,0.56,0.22,2.4,0.082,10,86,0.9983,3.37,0.62,9.5
6.1,0.64,0.02,2.4,0.069,26,46,0.99358,3.47,0.45,11
5.9,0.395,0.13,2.4,0.056,14,28,0.99362,3.62,0.67,12.4
7,0.36,0.21,2.4,0.086,24,69,0.99556,3.4,0.53,10.1
6.6,0.58,0.02,2.4,0.069,19,40,0.99387,3.38,0.66,12.6
8,0.64,0.22,2.4,0.094,5,33,0.99612,3.37,0.58,11
6.4,0.47,0.4,2.4,0.071,8,19,0.9963,3.56,0.73,10.6
6.9,0.63,0.01,2.4,0.076,14,39,0.99522,3.34,0.53,10.8
7.3,0.585,0.18,2.4,0.078,15,60,0.99638,3.31,0.54,9.8
6.6,0.56,0.14,2.4,0.064,13,29,0.99397,3.42,0.62,11.7
6.6,0.855,0.02,2.4,0.062,15,23,0.99627,3.54,0.6,11
6.6,0.855,0.02,2.4,0.062,15,23,0.99627,3.54,0.6,11
6,0.58,0.2,2.4,0.075,15,50,0.99467,3.58,0.67,12.5
7.4,0.35,0.33,2.4,0.068,9,26,0.9947,3.36,0.6,11.9
6.7,0.32,0.44,2.4,0.061,24,34,0.99484,3.29,0.8,11.6
7.5,0.31,0.41,2.4,0.065,34,60,0.99492,3.34,0.85,11.4
6.9,0.685,0,2.5,0.105,22,37,0.9966,3.46,0.57,10.6
9.7,0.32,0.54,2.5,0.094,28,83,0.9984,3.28,0.82,9.6
7.6,0.9,0.06,2.5,0.079,5,10,0.9967,3.39,0.56,9.8
8,0.33,0.53,2.5,0.091,18,80,0.9976,3.37,0.8,9.6
7.3,0.695,0,2.5,0.075,3,13,0.998,3.49,0.52,9.2
7,0.805,0,2.5,0.068,7,20,0.9969,3.48,0.56,9.6
7.2,0.73,0.02,2.5,0.076,16,42,0.9972,3.44,0.52,9.3
8.7,0.52,0.09,2.5,0.091,20,49,0.9976,3.34,0.86,10.6
8.7,0.52,0.09,2.5,0.091,20,49,0.9976,3.34,0.86,10.6
10.8,0.5,0.46,2.5,0.073,5,27,1.0001,3.05,0.64,9.5
10.3,0.53,0.48,2.5,0.063,6,25,0.9998,3.12,0.59,9.3
10.3,0.53,0.48,2.5,0.063,6,25,0.9998,3.12,0.59,9.3
7.1,0.35,0.29,2.5,0.096,20,53,0.9962,3.42,0.65,11
7.9,0.65,0.01,2.5,0.078,17,38,0.9963,3.34,0.74,11.7
11.9,0.58,0.66,2.5,0.072,6,37,0.9992,3.05,0.56,10
8.3,0.42,0.38,2.5,0.094,24,60,0.9979,3.31,0.7,10.8
9.6,0.38,0.31,2.5,0.096,16,49,0.9982,3.19,0.7,10
9.8,0.44,0.47,2.5,0.063,9,28,0.9981,3.24,0.65,10.8
9,0.43,0.34,2.5,0.08,26,86,0.9987,3.38,0.62,9.5
9.2,0.41,0.5,2.5,0.055,12,25,0.9952,3.34,0.79,13.3
7.2,0.34,0.32,2.5,0.09,43,113,0.9966,3.32,0.79,11.1
7.3,0.365,0.49,2.5,0.088,39,106,0.9966,3.36,0.78,11
9.3,0.4,0.49,2.5,0.085,38,142,0.9978,3.22,0.55,9.4
7.3,0.365,0.49,2.5,0.088,39,106,0.9966,3.36,0.78,11
7,0.38,0.49,2.5,0.097,33,85,0.9962,3.39,0.77,11.4
11.2,0.66,0.24,2.5,0.085,16,53,0.9993,3.06,0.72,11
10.6,0.31,0.49,2.5,0.067,6,21,0.9987,3.26,0.86,10.7
8.7,0.7,0.24,2.5,0.226,5,15,0.9991,3.32,0.6,9
8.7,0.7,0.24,2.5,0.226,5,15,0.9991,3.32,0.6,9
8.8,0.24,0.54,2.5,0.083,25,57,0.9983,3.39,0.54,9.2
8.7,0.54,0.26,2.5,0.097,7,31,0.9976,3.27,0.6,9.3
8.7,0.54,0.26,2.5,0.097,7,31,0.9976,3.27,0.6,9.3
9.8,0.88,0.25,2.5,0.104,35,155,1.001,3.41,0.67,11.2
6.9,0.4,0.24,2.5,0.083,30,45,0.9959,3.26,0.58,10
7.8,0.545,0.12,2.5,0.068,11,35,0.996,3.34,0.61,11.6
8.2,0.59,0,2.5,0.093,19,58,1.0002,3.5,0.65,9.3
8.2,0.34,0.38,2.5,0.08,12,57,0.9978,3.3,0.47,9
7.6,0.54,0.13,2.5,0.097,24,66,0.99785,3.39,0.61,9.4
8.8,0.42,0.21,2.5,0.092,33,88,0.99823,3.19,0.52,9.2
7.1,0.59,0.01,2.5,0.077,20,85,0.99746,3.55,0.59,9.8
7.1,0.61,0.02,2.5,0.081,17,87,0.99745,3.48,0.6,9.7
8.7,0.46,0.31,2.5,0.126,24,64,0.99746,3.1,0.74,9.6
7.7,0.56,0.08,2.5,0.114,14,46,0.9971,3.24,0.66,9.6
10.8,0.45,0.33,2.5,0.099,20,38,0.99818,3.24,0.71,10.8
10.8,0.45,0.33,2.5,0.099,20,38,0.99818,3.24,0.71,10.8
7.5,0.685,0.07,2.5,0.058,5,9,0.99632,3.38,0.55,10.9
8,0.42,0.32,2.5,0.08,26,122,0.99801,3.22,1.07,9.7
7.6,0.735,0.02,2.5,0.071,10,14,0.99538,3.51,0.71,11.7
8.2,0.26,0.34,2.5,0.073,16,47,0.99594,3.4,0.78,11.3
7.2,0.62,0.06,2.5,0.078,17,84,0.99746,3.51,0.53,9.7
7.2,0.6,0.04,2.5,0.076,18,88,0.99745,3.53,0.55,9.5
7.2,0.6,0.04,2.5,0.076,18,88,0.99745,3.53,0.55,9.5
8.9,0.75,0.14,2.5,0.086,9,30,0.99824,3.34,0.64,10.5
6.8,0.57,0,2.5,0.072,32,64,0.99491,3.43,0.56,11.2
10,0.35,0.45,2.5,0.092,20,88,0.99918,3.15,0.43,9.4
7.2,0.34,0.21,2.5,0.075,41,68,0.99586,3.37,0.54,10.1
8.9,0.745,0.18,2.5,0.077,15,48,0.99739,3.2,0.47,9.7
7.6,0.31,0.34,2.5,0.082,26,35,0.99356,3.22,0.59,12.5
9.4,0.4,0.47,2.5,0.087,6,20,0.99772,3.15,0.5,10.5
7,0.69,0.07,2.5,0.091,15,21,0.99572,3.38,0.6,11.3
7,0.69,0.07,2.5,0.091,15,21,0.99572,3.38,0.6,11.3
7,0.69,0.07,2.5,0.091,15,21,0.99572,3.38,0.6,11.3
5.6,0.66,0,2.5,0.066,7,15,0.99256,3.52,0.58,12.9
7.9,0.54,0.34,2.5,0.076,8,17,0.99235,3.2,0.72,13.1
8.2,0.38,0.32,2.5,0.08,24,71,0.99624,3.27,0.85,11
8.2,0.2,0.43,2.5,0.076,31,51,0.99672,3.53,0.81,10.4
6.1,0.58,0.23,2.5,0.044,16,70,0.99352,3.46,0.65,12.5
8.2,0.33,0.39,2.5,0.074,29,48,0.99528,3.32,0.88,12.4
10.2,0.4,0.4,2.5,0.068,41,54,0.99754,3.38,0.86,10.5
7.2,0.25,0.37,2.5,0.063,11,41,0.99439,3.52,0.8,12.4
12.6,0.39,0.49,2.5,0.08,8,20,0.9992,3.07,0.82,10.3
8.1,0.73,0,2.5,0.081,12,24,0.99798,3.38,0.46,9.6
9.8,0.37,0.39,2.5,0.079,28,65,0.99729,3.16,0.59,9.8
9.8,0.45,0.38,2.5,0.081,34,66,0.99726,3.15,0.58,9.8
7.1,0.16,0.44,2.5,0.068,17,31,0.99328,3.35,0.54,12.4
9.7,0.69,0.32,2.5,0.088,22,91,0.9979,3.29,0.62,10.1
9.7,0.69,0.32,2.5,0.088,22,91,0.9979,3.29,0.62,10.1
7.3,0.43,0.24,2.5,0.078,27,67,0.99648,3.6,0.59,11.1
8.3,0.85,0.14,2.5,0.093,13,54,0.99724,3.36,0.54,10.1
7.3,0.34,0.33,2.5,0.064,21,37,0.9952,3.35,0.77,12.1
7.6,0.41,0.33,2.5,0.078,6,23,0.9957,3.3,0.58,11.2
6.2,0.44,0.39,2.5,0.077,6,14,0.99555,3.51,0.69,11
6.2,0.64,0.09,2.5,0.081,15,26,0.99538,3.57,0.63,12
7.2,0.66,0.33,2.5,0.068,34,102,0.99414,3.27,0.78,12.8
11,0.26,0.68,2.55,0.085,10,25,0.997,3.18,0.61,11.8
7.8,0.88,0,2.6,0.098,25,67,0.9968,3.2,0.68,9.8
7.5,0.49,0.2,2.6,0.332,8,14,0.9968,3.21,0.9,10.5
8,0.71,0,2.6,0.08,11,34,0.9976,3.44,0.53,9.5
7.7,0.705,0.1,2.6,0.084,9,26,0.9976,3.39,0.49,9.7
12.8,0.3,0.74,2.6,0.095,9,28,0.9994,3.2,0.77,10.8
12.8,0.3,0.74,2.6,0.095,9,28,0.9994,3.2,0.77,10.8
7.7,0.43,0.25,2.6,0.073,29,63,0.99615,3.37,0.58,10.5
9,0.82,0.14,2.6,0.089,9,23,0.9984,3.39,0.63,9.8
7.7,0.43,0.25,2.6,0.073,29,63,0.99615,3.37,0.58,10.5
6.9,0.52,0.25,2.6,0.081,10,37,0.99685,3.46,0.5,11
6.9,0.52,0.25,2.6,0.081,10,37,0.99685,3.46,0.5,11
10,0.31,0.47,2.6,0.085,14,33,0.99965,3.36,0.8,10.5
10.6,0.83,0.37,2.6,0.086,26,70,0.9981,3.16,0.52,9.9
7.5,0.53,0.06,2.6,0.086,20,44,0.9965,3.38,0.59,10.7
8.3,0.705,0.12,2.6,0.092,12,28,0.9994,3.51,0.72,10
7.4,0.36,0.29,2.6,0.087,26,72,0.99645,3.39,0.68,11
13.4,0.27,0.62,2.6,0.082,6,21,1.0002,3.16,0.67,9.7
11.9,0.57,0.5,2.6,0.082,6,32,1.0006,3.12,0.78,10.7
9.1,0.785,0,2.6,0.093,11,28,0.9994,3.36,0.86,9.4
9.1,0.795,0,2.6,0.096,11,26,0.9994,3.35,0.83,9.4
12.6,0.38,0.66,2.6,0.088,10,41,1.001,3.17,0.68,9.8
8.6,0.45,0.31,2.6,0.086,21,50,0.9982,3.37,0.91,9.9
10.4,0.575,0.61,2.6,0.076,11,24,1,3.16,0.69,9
11.5,0.59,0.59,2.6,0.087,13,49,0.9988,3.18,0.65,11
11.5,0.59,0.59,2.6,0.087,13,49,0.9988,3.18,0.65,11
12.2,0.48,0.54,2.6,0.085,19,64,1,3.1,0.61,10.5
12.5,0.38,0.6,2.6,0.081,31,72,0.9996,3.1,0.73,10.5
8.3,0.615,0.22,2.6,0.087,6,19,0.9982,3.26,0.61,9.3
8.8,0.46,0.45,2.6,0.065,7,18,0.9947,3.32,0.79,14
13,0.32,0.65,2.6,0.093,15,47,0.9996,3.05,0.61,10.6
12.5,0.37,0.55,2.6,0.083,25,68,0.9995,3.15,0.82,10.4
9.3,0.39,0.4,2.6,0.073,10,26,0.9984,3.34,0.75,10.2
8.9,0.4,0.51,2.6,0.052,13,27,0.995,3.32,0.9,13.4
10.7,0.35,0.53,2.6,0.07,5,16,0.9972,3.15,0.65,11
10.7,0.35,0.53,2.6,0.07,5,16,0.9972,3.15,0.65,11
8.2,0.42,0.49,2.6,0.084,32,55,0.9988,3.34,0.75,8.7
9.1,0.47,0.49,2.6,0.094,38,106,0.9982,3.08,0.59,9.1
12.4,0.35,0.49,2.6,0.079,27,69,0.9994,3.12,0.75,10.4
9.8,0.5,0.49,2.6,0.25,5,20,0.999,3.31,0.79,10.7
10.2,0.29,0.49,2.6,0.059,5,13,0.9976,3.05,0.74,10.5
9,0.45,0.49,2.6,0.084,21,75,0.9987,3.35,0.57,9.7
9,0.45,0.49,2.6,0.084,21,75,0.9987,3.35,0.57,9.7
7.9,0.72,0.17,2.6,0.096,20,38,0.9978,3.4,0.53,9.5
7.7,0.835,0,2.6,0.081,6,14,0.9975,3.3,0.52,9.3
8.3,0.6,0.13,2.6,0.085,6,24,0.9984,3.31,0.59,9.2
8.3,0.78,0.1,2.6,0.081,45,87,0.9983,3.48,0.53,10
8.1,0.78,0.23,2.6,0.059,5,15,0.997,3.37,0.56,11.3
8.1,0.78,0.23,2.6,0.059,5,15,0.997,3.37,0.56,11.3
9.2,0.92,0.24,2.6,0.087,12,93,0.9998,3.48,0.54,9.8
7.5,0.38,0.48,2.6,0.073,22,84,0.9972,3.32,0.7,9.6
9.9,0.74,0.28,2.6,0.078,21,77,0.998,3.28,0.51,9.8
7.6,0.46,0.11,2.6,0.079,12,49,0.9968,3.21,0.57,10
9.2,0.53,0.24,2.6,0.078,28,139,0.99788,3.21,0.57,9.5
8.6,0.33,0.4,2.6,0.083,16,68,0.99782,3.3,0.48,9.4
7.1,0.52,0.03,2.6,0.076,21,92,0.99745,3.5,0.6,9.8
7.4,0.37,0.43,2.6,0.082,18,82,0.99708,3.33,0.68,9.7
7.7,0.6,0,2.6,0.055,7,13,0.99639,3.38,0.56,10.8
10.8,0.89,0.3,2.6,0.132,7,60,0.99786,2.99,1.18,10.2
7.3,0.49,0.1,2.6,0.068,4,14,0.99562,3.3,0.47,10.5
10.6,0.5,0.45,2.6,0.119,34,68,0.99708,3.23,0.72,10.9
7.2,0.635,0.07,2.6,0.077,16,86,0.99748,3.51,0.54,9.7
10.7,0.52,0.38,2.6,0.066,29,56,0.99577,3.15,0.79,12.1
8.9,0.31,0.36,2.6,0.056,10,39,0.99562,3.4,0.69,11.8
7.2,0.54,0.27,2.6,0.084,12,78,0.9964,3.39,0.71,11
10.1,0.43,0.4,2.6,0.092,13,52,0.99834,3.22,0.64,10
8.4,0.59,0.29,2.6,0.109,31,119,0.99801,3.15,0.5,9.1
7.5,0.57,0.08,2.6,0.089,14,27,0.99592,3.3,0.59,10.4
9.2,0.46,0.23,2.6,0.091,18,77,0.99922,3.15,0.51,9.4
7.8,0.815,0.01,2.6,0.074,48,90,0.99621,3.38,0.62,10.8
8,0.6,0.08,2.6,0.056,3,7,0.99286,3.22,0.37,13
9.7,0.66,0.34,2.6,0.094,12,88,0.99796,3.26,0.66,10.1
11.5,0.42,0.48,2.6,0.077,8,20,0.99852,3.09,0.53,11
7.5,0.57,0.02,2.6,0.077,11,35,0.99557,3.36,0.62,10.8
7.5,0.57,0.02,2.6,0.077,11,35,0.99557,3.36,0.62,10.8
8,0.5,0.39,2.6,0.082,12,46,0.9985,3.43,0.62,10.7
7.6,0.35,0.6,2.6,0.073,23,44,0.99656,3.38,0.79,11.1
6.6,0.7,0.08,2.6,0.106,14,27,0.99665,3.44,0.58,10.2
6.1,0.715,0.1,2.6,0.053,13,27,0.99362,3.57,0.5,11.9
7.2,0.39,0.44,2.6,0.066,22,48,0.99494,3.3,0.84,11.5
11.1,0.42,0.47,2.65,0.085,9,34,0.99736,3.24,0.77,12.1
7.8,0.44,0.28,2.7,0.1,18,95,0.9966,3.22,0.67,9.4
10.4,0.55,0.23,2.7,0.091,18,48,0.9994,3.22,0.64,10.3
10.6,0.42,0.48,2.7,0.065,5,18,0.9972,3.21,0.87,11.3
6.6,0.815,0.02,2.7,0.072,17,34,0.9955,3.58,0.89,12.3
10.7,0.67,0.22,2.7,0.107,17,34,1.0004,3.28,0.98,9.9
11.4,0.6,0.49,2.7,0.085,10,41,0.9994,3.15,0.63,10.5
7.7,0.69,0.05,2.7,0.075,15,27,0.9974,3.26,0.61,9.1
8.8,0.52,0.34,2.7,0.087,24,122,0.9982,3.26,0.61,9.5
10,0.44,0.49,2.7,0.077,11,19,0.9963,3.23,0.63,11.6
9.2,0.63,0.21,2.7,0.097,29,65,0.9988,3.28,0.58,9.6
9.4,0.685,0.11,2.7,0.077,6,31,0.9984,3.19,0.7,10.1
9.8,0.25,0.49,2.7,0.088,15,33,0.9982,3.42,0.9,10
11.9,0.38,0.49,2.7,0.098,12,42,1.0004,3.16,0.61,10.3
11.9,0.38,0.49,2.7,0.098,12,42,1.0004,3.16,0.61,10.3
10,0.48,0.24,2.7,0.102,13,32,1,3.28,0.56,10
9.5,0.46,0.24,2.7,0.092,14,44,0.998,3.12,0.74,10
7.6,0.29,0.49,2.7,0.092,25,60,0.9971,3.31,0.61,10.1
11.1,0.31,0.49,2.7,0.094,16,47,0.9986,3.12,1.02,10.6
13.2,0.38,0.55,2.7,0.081,5,16,1.0006,2.98,0.54,9.4
11.4,0.46,0.5,2.7,0.122,4,17,1.0006,3.13,0.7,10.2
10.4,0.28,0.54,2.7,0.105,5,19,0.9988,3.25,0.63,9.5
9,0.47,0.31,2.7,0.084,24,125,0.9984,3.31,0.61,9.4
7.2,0.49,0.18,2.7,0.069,13,34,0.9967,3.29,0.48,9.2
7.6,0.42,0.08,2.7,0.084,15,48,0.9968,3.21,0.59,10
7,0.45,0.34,2.7,0.082,16,72,0.998,3.55,0.6,9.5
11.1,0.39,0.54,2.7,0.095,21,101,1.0001,3.13,0.51,9.5
7.5,0.6,0.32,2.7,0.103,13,98,0.99938,3.45,0.62,9.5
8.4,0.52,0.22,2.7,0.084,4,18,0.99682,3.26,0.57,9.9
7.2,0.62,0.06,2.7,0.077,15,85,0.99746,3.51,0.54,9.5
7.5,0.42,0.32,2.7,0.067,7,25,0.99628,3.24,0.44,10.4
7.2,0.62,0.06,2.7,0.077,15,85,0.99746,3.51,0.54,9.5
7.6,0.43,0.4,2.7,0.082,6,11,0.99538,3.44,0.54,12.2
8,0.62,0.33,2.7,0.088,16,37,0.9972,3.31,0.58,10.7
10,0.43,0.33,2.7,0.095,28,89,0.9984,3.22,0.68,10
7.7,0.18,0.34,2.7,0.066,15,58,0.9947,3.37,0.78,11.8
6.8,0.64,0,2.7,0.123,15,33,0.99538,3.44,0.63,11.3
6.8,0.64,0,2.7,0.123,15,33,0.99538,3.44,0.63,11.3
8.7,0.63,0.28,2.7,0.096,17,69,0.99734,3.26,0.63,10.2
7.8,0.32,0.44,2.7,0.104,8,17,0.99732,3.33,0.78,11
8.8,0.61,0.3,2.8,0.088,17,46,0.9976,3.26,0.51,9.3
7.6,0.51,0.15,2.8,0.11,33,73,0.9955,3.17,0.63,10.2
8.2,0.4,0.44,2.8,0.089,11,43,0.9975,3.53,0.61,10.5
8,0.725,0.24,2.8,0.083,10,62,0.99685,3.35,0.56,10
8.5,0.37,0.2,2.8,0.09,18,58,0.998,3.34,0.7,9.6
9,0.46,0.31,2.8,0.093,19,98,0.99815,3.32,0.63,9.5
10.3,0.59,0.42,2.8,0.09,35,73,0.999,3.28,0.7,9.5
7.8,0.43,0.32,2.8,0.08,29,58,0.9974,3.31,0.64,10.3
9.6,0.56,0.31,2.8,0.089,15,46,0.9979,3.11,0.92,10
10.3,0.34,0.52,2.8,0.159,15,75,0.9998,3.18,0.64,9.4
11.9,0.39,0.69,2.8,0.095,17,35,0.9994,3.1,0.61,10.8
11.9,0.39,0.69,2.8,0.095,17,35,0.9994,3.1,0.61,10.8
10.4,0.33,0.63,2.8,0.084,5,22,0.9998,3.26,0.74,11.2
10.4,0.33,0.63,2.8,0.084,5,22,0.9998,3.26,0.74,11.2
9.4,0.3,0.56,2.8,0.08,6,17,0.9964,3.15,0.92,11.7
11.6,0.32,0.55,2.8,0.081,35,67,1.0002,3.32,0.92,10.8
9.3,0.775,0.27,2.8,0.078,24,56,0.9984,3.31,0.67,10.6
13.3,0.29,0.75,2.8,0.084,23,43,0.9986,3.04,0.68,11.4
10.9,0.21,0.49,2.8,0.088,11,32,0.9972,3.22,0.68,11.7
10.4,0.64,0.24,2.8,0.105,29,53,0.9998,3.24,0.67,9.9
9.4,0.43,0.24,2.8,0.092,14,45,0.998,3.19,0.73,10
12.7,0.6,0.49,2.8,0.075,5,19,0.9994,3.14,0.57,11.4
12.7,0.6,0.49,2.8,0.075,5,19,0.9994,3.14,0.57,11.4
8.8,0.44,0.49,2.8,0.083,18,111,0.9982,3.3,0.6,9.5
8.7,0.48,0.3,2.8,0.066,10,28,0.9964,3.33,0.67,11.2
9.4,0.33,0.59,2.8,0.079,9,30,0.9976,3.12,0.54,12
9,0.48,0.32,2.8,0.084,21,122,0.9984,3.32,0.62,9.4
10.6,1.025,0.43,2.8,0.08,21,84,0.9985,3.06,0.57,10.1
8.1,0.72,0.09,2.8,0.084,18,49,0.9994,3.43,0.72,11.1
9,0.46,0.23,2.8,0.092,28,104,0.9983,3.1,0.56,9.2
11.6,0.41,0.58,2.8,0.096,25,101,1.00024,3.13,0.53,10
9,0.58,0.25,2.8,0.075,9,104,0.99779,3.23,0.57,9.7
9.1,0.68,0.11,2.8,0.093,11,44,0.99888,3.31,0.55,9.5
7.6,0.48,0.31,2.8,0.07,4,15,0.99693,3.22,0.55,10.3
12.9,0.5,0.55,2.8,0.072,7,24,1.00012,3.09,0.68,10.9
12.6,0.41,0.54,2.8,0.103,19,41,0.99939,3.21,0.76,11.3
7.1,0.48,0.28,2.8,0.068,6,16,0.99682,3.24,0.53,10.3
7.1,0.46,0.14,2.8,0.076,15,37,0.99624,3.36,0.49,10.7
7.1,0.46,0.14,2.8,0.076,15,37,0.99624,3.36,0.49,10.7
8.8,0.31,0.4,2.8,0.109,7,16,0.99614,3.31,0.79,11.8
7.2,0.38,0.38,2.8,0.068,23,42,0.99356,3.34,0.72,12.9
9.6,0.5,0.36,2.8,0.116,26,55,0.99722,3.18,0.68,10.9
8.6,0.83,0,2.8,0.095,17,43,0.99822,3.33,0.6,10.4
8,0.62,0.35,2.8,0.086,28,52,0.997,3.31,0.62,10.8
8.2,0.33,0.32,2.8,0.067,4,12,0.99473,3.3,0.76,12.8
6.7,0.41,0.43,2.8,0.076,22,54,0.99572,3.42,1.16,10.6
6.5,0.34,0.27,2.8,0.067,8,44,0.99384,3.21,0.56,12
6.9,0.57,0,2.8,0.081,21,41,0.99518,3.41,0.52,10.8
6.1,0.705,0.1,2.8,0.081,13,28,0.99631,3.6,0.66,10.2
8.9,0.48,0.24,2.85,0.094,35,106,0.9982,3.1,0.53,9.2
8.2,0.5,0.35,2.9,0.077,21,127,0.9976,3.23,0.62,9.4
9.6,0.77,0.12,2.9,0.082,30,74,0.99865,3.3,0.64,10.4
9.6,0.77,0.12,2.9,0.082,30,74,0.99865,3.3,0.64,10.4
10.2,0.36,0.64,2.9,0.122,10,41,0.998,3.23,0.66,12.5
10.2,0.36,0.64,2.9,0.122,10,41,0.998,3.23,0.66,12.5
13.7,0.415,0.68,2.9,0.085,17,43,1.0014,3.06,0.8,10
13.7,0.415,0.68,2.9,0.085,17,43,1.0014,3.06,0.8,10
10,0.29,0.4,2.9,0.098,10,26,1.0006,3.48,0.91,9.7
10.2,0.49,0.63,2.9,0.072,10,26,0.9968,3.16,0.78,12.5
9,0.54,0.49,2.9,0.094,41,110,0.9982,3.08,0.61,9.2
8.8,0.47,0.49,2.9,0.085,17,110,0.9982,3.29,0.6,9.8
8.3,0.58,0.13,2.9,0.096,14,63,0.9984,3.17,0.62,9.1
7.9,0.51,0.25,2.9,0.077,21,45,0.9974,3.49,0.96,12.1
9.7,0.55,0.17,2.9,0.087,20,53,1.0004,3.14,0.61,9.4
10.6,1.02,0.43,2.9,0.076,26,88,0.9984,3.08,0.57,10.1
8.3,0.65,0.1,2.9,0.089,17,40,0.99803,3.29,0.55,9.5
8.3,0.65,0.1,2.9,0.089,17,40,0.99803,3.29,0.55,9.5
8.3,0.65,0.1,2.9,0.089,17,40,0.99803,3.29,0.55,9.5
8.8,0.59,0.18,2.9,0.089,12,74,0.99738,3.14,0.54,9.4
8.6,0.63,0.17,2.9,0.099,21,119,0.998,3.09,0.52,9.3
8.8,0.64,0.17,2.9,0.084,25,130,0.99818,3.23,0.54,9.6
10,0.46,0.44,2.9,0.065,4,8,0.99674,3.33,0.62,12.2
6.7,0.56,0.09,2.9,0.079,7,22,0.99669,3.46,0.61,10.2
6.3,0.76,0,2.9,0.072,26,52,0.99379,3.51,0.6,11.5
10.5,0.42,0.66,2.95,0.116,12,29,0.997,3.24,0.75,11.7
8.6,0.38,0.36,3,0.081,30,119,0.997,3.2,0.56,9.4
6.8,0.775,0,3,0.102,8,23,0.9965,3.45,0.56,10.7
6.9,0.54,0.04,3,0.077,7,27,0.9987,3.69,0.91,9.4
6.9,0.54,0.04,3,0.077,7,27,0.9987,3.69,0.91,9.4
7.6,0.52,0.12,3,0.067,12,53,0.9971,3.36,0.57,9.1
7.5,0.4,0.12,3,0.092,29,53,0.9967,3.37,0.7,10.3
8.6,0.47,0.3,3,0.076,30,135,0.9976,3.3,0.53,9.4
12.4,0.49,0.58,3,0.103,28,99,1.0008,3.16,1,11.5
13.8,0.49,0.67,3,0.093,6,15,0.9986,3.02,0.93,12
11.5,0.41,0.52,3,0.08,29,55,1.0001,3.26,0.88,11
11.5,0.45,0.5,3,0.078,19,47,1.0003,3.26,1.11,11
12,0.39,0.66,3,0.093,12,30,0.9996,3.18,0.63,10.8
8.7,0.69,0.31,3,0.086,23,81,1.0002,3.48,0.74,11.6
8.7,0.69,0.31,3,0.086,23,81,1.0002,3.48,0.74,11.6
7.6,0.41,0.14,3,0.087,21,43,0.9964,3.32,0.57,10.5
7.4,0.49,0.19,3,0.077,16,37,0.9966,3.37,0.51,10.5
8.9,0.565,0.34,3,0.093,16,112,0.9998,3.38,0.61,9.5
9,0.66,0.17,3,0.077,5,13,0.9976,3.29,0.55,10.4
9.2,0.67,0.1,3,0.091,12,48,0.99888,3.31,0.54,9.5
7.2,1,0,3,0.102,7,16,0.99586,3.43,0.46,10
6.6,0.66,0,3,0.115,21,31,0.99629,3.45,0.63,10.3
9.2,0.58,0.2,3,0.081,15,115,0.998,3.23,0.59,9.5
6.5,0.51,0.15,3,0.064,12,27,0.9929,3.33,0.59,12.8
8.2,0.28,0.6,3,0.104,10,22,0.99828,3.39,0.68,10.6
8.2,0.28,0.6,3,0.104,10,22,0.99828,3.39,0.68,10.6
11.1,0.35,0.48,3.1,0.09,5,21,0.9986,3.17,0.53,10.5
11.9,0.43,0.66,3.1,0.109,10,23,1,3.15,0.85,10.4
12.3,0.27,0.49,3.1,0.079,28,46,0.9993,3.2,0.8,10.2
9.1,0.64,0.23,3.1,0.095,13,38,0.9998,3.28,0.59,9.7
7.5,1.115,0.1,3.1,0.086,5,12,0.9958,3.54,0.6,11.2
8.4,0.31,0.29,3.1,0.194,14,26,0.99536,3.22,0.78,12
7.5,0.58,0.56,3.1,0.153,5,14,0.99476,3.21,1.03,11.6
8,0.57,0.23,3.2,0.073,17,119,0.99675,3.26,0.57,9.3
13.3,0.34,0.52,3.2,0.094,17,53,1.0014,3.05,0.81,9.5
9.8,0.66,0.39,3.2,0.083,21,59,0.9989,3.37,0.71,11.5
9.8,0.66,0.39,3.2,0.083,21,59,0.9989,3.37,0.71,11.5
8,0.58,0.28,3.2,0.066,21,114,0.9973,3.22,0.54,9.4
10.4,0.41,0.55,3.2,0.076,22,54,0.9996,3.15,0.89,9.9
11.1,0.45,0.73,3.2,0.066,6,22,0.9986,3.17,0.66,11.2
10.4,0.41,0.55,3.2,0.076,22,54,0.9996,3.15,0.89,9.9
10.6,0.34,0.49,3.2,0.078,20,78,0.9992,3.19,0.7,10
6.3,0.36,0.19,3.2,0.075,15,39,0.9956,3.56,0.52,12.7
9.4,0.615,0.28,3.2,0.087,18,72,1.0001,3.31,0.53,9.7
8.7,0.69,0,3.2,0.084,13,33,0.9992,3.36,0.45,9.4
6.4,0.865,0.03,3.2,0.071,27,58,0.995,3.61,0.49,12.7
9.8,0.51,0.19,3.2,0.081,8,30,0.9984,3.23,0.58,10.5
9.1,0.66,0.15,3.2,0.097,9,59,0.99976,3.28,0.54,9.6
8.1,0.87,0,3.3,0.096,26,61,1.00025,3.6,0.72,9.8
11.6,0.42,0.53,3.3,0.105,33,98,1.001,3.2,0.95,9.2
9.2,0.59,0.24,3.3,0.101,20,47,0.9988,3.26,0.67,9.6
11.5,0.35,0.49,3.3,0.07,10,37,1.0003,3.32,0.91,11
8.8,0.48,0.41,3.3,0.092,26,52,0.9982,3.31,0.53,10.5
10.8,0.26,0.45,3.3,0.06,20,49,0.9972,3.13,0.54,9.6
8.6,0.55,0.09,3.3,0.068,8,17,0.99735,3.23,0.44,10
8.7,0.33,0.38,3.3,0.063,10,19,0.99468,3.3,0.73,12
6.4,0.39,0.33,3.3,0.046,12,53,0.99294,3.36,0.62,12.2
8.1,0.78,0.1,3.3,0.09,4,13,0.99855,3.36,0.49,9.5
10.5,0.43,0.35,3.3,0.092,24,70,0.99798,3.21,0.69,10.5
10.2,0.42,0.57,3.4,0.07,4,10,0.9971,3.04,0.63,9.6
9.2,0.52,1,3.4,0.61,32,69,0.9996,2.74,2,9.4
9.9,0.59,0.07,3.4,0.102,32,71,1.00015,3.31,0.71,9.8
9.9,0.59,0.07,3.4,0.102,32,71,1.00015,3.31,0.71,9.8
9.6,0.56,0.23,3.4,0.102,37,92,0.9996,3.3,0.65,10.1
9.3,0.61,0.26,3.4,0.09,25,87,0.99975,3.24,0.62,9.7
11.9,0.695,0.53,3.4,0.128,7,21,0.9992,3.17,0.84,12.2
10,0.42,0.5,3.4,0.107,7,21,0.9979,3.26,0.93,11.8
11.8,0.33,0.49,3.4,0.093,54,80,1.0002,3.3,0.76,10.7
8.3,0.54,0.24,3.4,0.076,16,112,0.9976,3.27,0.61,9.4
8.2,0.56,0.23,3.4,0.078,14,104,0.9976,3.28,0.62,9.4
10.1,0.935,0.22,3.4,0.105,11,86,1.001,3.43,0.64,11.3
8.3,0.43,0.3,3.4,0.079,7,34,0.99788,3.36,0.61,10.5
8.3,1.02,0.02,3.4,0.084,6,11,0.99892,3.48,0.49,11
8,0.81,0.25,3.4,0.076,34,85,0.99668,3.19,0.42,9.2
8.9,0.875,0.13,3.45,0.088,4,14,0.9994,3.44,0.52,11.5
7.7,0.27,0.68,3.5,0.358,5,10,0.9972,3.25,1.08,9.9
9.9,0.49,0.58,3.5,0.094,9,43,1.0004,3.29,0.58,9
7.9,0.35,0.46,3.6,0.078,15,37,0.9973,3.35,0.86,12.8
11.4,0.26,0.44,3.6,0.071,6,19,0.9986,3.12,0.82,9.3
7.3,0.67,0.05,3.6,0.107,6,20,0.9972,3.4,0.63,10.1
9.4,0.5,0.34,3.6,0.082,5,14,0.9987,3.29,0.52,10.7
9.4,0.5,0.34,3.6,0.082,5,14,0.9987,3.29,0.52,10.7
7,0.4,0.32,3.6,0.061,9,29,0.99416,3.28,0.49,11.3
8.9,0.35,0.4,3.6,0.11,12,24,0.99549,3.23,0.7,12
6,0.31,0.47,3.6,0.067,18,42,0.99549,3.39,0.66,11
11.6,0.53,0.66,3.65,0.121,6,14,0.9978,3.05,0.74,11.5
10.4,0.34,0.58,3.7,0.174,6,16,0.997,3.19,0.7,11.3
15.6,0.685,0.76,3.7,0.1,6,43,1.0032,2.95,0.68,11.2
7.5,0.41,0.15,3.7,0.104,29,94,0.99786,3.14,0.58,9.1
6.3,0.68,0.01,3.7,0.103,32,54,0.99586,3.51,0.66,11.3
6.7,0.7,0.08,3.75,0.067,8,16,0.99334,3.43,0.52,12.6
8.9,0.62,0.18,3.8,0.176,52,145,0.9986,3.16,0.88,9.2
7.7,0.62,0.04,3.8,0.084,25,45,0.9978,3.34,0.53,9.5
6.8,0.63,0.12,3.8,0.099,16,126,0.9969,3.28,0.61,9.5
14,0.41,0.63,3.8,0.089,6,47,1.0014,3.01,0.81,10.8
9.3,0.38,0.48,3.8,0.132,3,11,0.99577,3.23,0.57,13.2
8.3,0.3,0.49,3.8,0.09,11,24,0.99498,3.27,0.64,12.1
7.8,0.87,0.26,3.8,0.107,31,67,0.99668,3.26,0.46,9.2
7.7,0.75,0.27,3.8,0.11,34,89,0.99664,3.24,0.45,9.3
8.9,0.62,0.19,3.9,0.17,51,148,0.9986,3.17,0.93,9.2
7.1,0.66,0,3.9,0.086,17,45,0.9976,3.46,0.54,9.5
7.6,0.42,0.25,3.9,0.104,28,90,0.99784,3.15,0.57,9.1
6.8,0.68,0.09,3.9,0.068,15,29,0.99524,3.41,0.52,11.1
6.4,0.57,0.14,3.9,0.07,27,73,0.99669,3.32,0.48,9.2
6.4,0.53,0.09,3.9,0.123,14,31,0.9968,3.5,0.67,11
11.5,0.18,0.51,4,0.104,4,23,0.9996,3.28,0.97,10.1
7.9,0.545,0.06,4,0.087,27,61,0.9965,3.36,0.67,10.7
11.5,0.18,0.51,4,0.104,4,23,0.9996,3.28,0.97,10.1
10.9,0.37,0.58,4,0.071,17,65,0.99935,3.22,0.78,10.1
7.9,0.545,0.06,4,0.087,27,61,0.9965,3.36,0.67,10.7
11.5,0.18,0.51,4,0.104,4,23,0.9996,3.28,0.97,10.1
7.2,0.61,0.08,4,0.082,26,108,0.99641,3.25,0.51,9.4
8.8,0.61,0.19,4,0.094,30,69,0.99787,3.22,0.5,10
8.8,0.61,0.19,4,0.094,30,69,0.99787,3.22,0.5,10
8.9,0.48,0.53,4,0.101,3,10,0.99586,3.21,0.59,12.1
8.9,0.48,0.53,4,0.101,3,10,0.99586,3.21,0.59,12.1
10.6,0.44,0.68,4.1,0.114,6,24,0.997,3.06,0.66,13.4
10.2,0.44,0.58,4.1,0.092,11,24,0.99745,3.29,0.99,12
8.1,0.82,0,4.1,0.095,5,14,0.99854,3.36,0.53,9.6
7.5,0.58,0.03,4.1,0.08,27,46,0.99592,3.02,0.47,9.2
6.9,0.84,0.21,4.1,0.074,16,65,0.99842,3.53,0.72,9.233333333
6.9,0.84,0.21,4.1,0.074,16,65,0.99842,3.53,0.72,9.25
12,0.37,0.76,4.2,0.066,7,38,1.0004,3.22,0.6,13
15.5,0.645,0.49,4.2,0.095,10,23,1.00315,2.92,0.74,11.1
15.5,0.645,0.49,4.2,0.095,10,23,1.00315,2.92,0.74,11.1
15.6,0.645,0.49,4.2,0.095,10,23,1.00315,2.92,0.74,11.1
8.3,0.76,0.29,4.2,0.075,12,16,0.9965,3.45,0.68,11.5
7.4,1.185,0,4.25,0.097,5,14,0.9966,3.63,0.54,10.7
12.5,0.6,0.49,4.3,0.1,5,14,1.001,3.25,0.74,11.9
13,0.47,0.49,4.3,0.085,6,47,1.0021,3.3,0.68,12.7
13,0.47,0.49,4.3,0.085,6,47,1.0021,3.3,0.68,12.7
5,0.4,0.5,4.3,0.046,29,80,0.9902,3.49,0.66,13.6
6.5,0.67,0,4.3,0.057,11,20,0.99488,3.45,0.56,11.8
6.6,0.63,0,4.3,0.093,51,77.5,0.99558,3.2,0.45,9.5
6.6,0.63,0,4.3,0.093,51,77.5,0.99558,3.2,0.45,9.5
7.8,0.82,0.29,4.3,0.083,21,64,0.99642,3.16,0.53,9.4
7.4,0.59,0.08,4.4,0.086,6,29,0.9974,3.38,0.5,9
11.5,0.54,0.71,4.4,0.124,6,15,0.9984,3.01,0.83,11.8
7.1,0.84,0.02,4.4,0.096,5,13,0.997,3.41,0.57,11
6.2,0.52,0.08,4.4,0.071,11,32,0.99646,3.56,0.63,11.6
10.3,0.44,0.5,4.5,0.107,5,13,0.998,3.28,0.83,11.5
12.5,0.46,0.49,4.5,0.07,26,49,0.9981,3.05,0.57,9.6
7,0.6,0.3,4.5,0.068,20,110,0.99914,3.3,1.17,10.2
7,0.6,0.3,4.5,0.068,20,110,0.99914,3.3,1.17,10.2
12.4,0.42,0.49,4.6,0.073,19,43,0.9978,3.02,0.61,9.5
10.9,0.53,0.49,4.6,0.118,10,17,1.0002,3.07,0.56,11.7
10.9,0.53,0.49,4.6,0.118,10,17,1.0002,3.07,0.56,11.7
9.4,0.41,0.48,4.6,0.072,10,20,0.9973,3.34,0.79,12.2
9.4,0.395,0.46,4.6,0.094,3,10,0.99639,3.27,0.64,12.2
9.1,0.4,0.57,4.6,0.08,6,20,0.99652,3.28,0.57,12.5
7.2,0.725,0.05,4.65,0.086,4,11,0.9962,3.41,0.39,10.9
7.2,0.725,0.05,4.65,0.086,4,11,0.9962,3.41,0.39,10.9
8.5,0.34,0.4,4.7,0.055,3,9,0.99738,3.38,0.66,11.6
13.5,0.53,0.79,4.8,0.12,23,77,1.0018,3.18,0.77,13
7,0.58,0.28,4.8,0.085,12,69,0.99633,3.32,0.7,11
6.8,0.915,0.29,4.8,0.07,15,39,0.99577,3.53,0.54,11.1
9.9,0.27,0.49,5,0.082,9,17,0.99484,3.19,0.52,12.5
7.5,0.63,0.12,5.1,0.111,50,110,0.9983,3.26,0.77,9.4
10.1,0.65,0.37,5.1,0.11,11,65,1.0026,3.32,0.64,10.4
8.2,0.24,0.34,5.1,0.062,8,22,0.9974,3.22,0.94,10.9
8.2,0.24,0.34,5.1,0.062,8,22,0.9974,3.22,0.94,10.9
6.2,0.7,0.15,5.1,0.076,13,27,0.99622,3.54,0.6,11.9
11.2,0.5,0.74,5.15,0.1,5,17,0.9996,3.22,0.62,11.2
11.3,0.62,0.67,5.2,0.086,6,19,0.9988,3.22,0.69,13.4
7.4,0.785,0.19,5.2,0.094,19,98,0.99713,3.16,0.52,9.566666667
7.4,0.785,0.19,5.2,0.094,19,98,0.99713,3.16,0.52,9.6
7.4,0.64,0.17,5.4,0.168,52,98,0.99736,3.28,0.5,9.5
7.8,0.645,0,5.5,0.086,5,18,0.9986,3.4,0.55,9.6
7.1,0.43,0.42,5.5,0.07,29,129,0.9973,3.42,0.72,10.5
7.1,0.43,0.42,5.5,0.071,28,128,0.9973,3.42,0.71,10.5
7.1,0.43,0.42,5.5,0.07,29,129,0.9973,3.42,0.72,10.5
7.1,0.43,0.42,5.5,0.071,28,128,0.9973,3.42,0.71,10.5
6.6,0.725,0.09,5.5,0.117,9,17,0.99655,3.35,0.49,10.8
6.6,0.725,0.09,5.5,0.117,9,17,0.99655,3.35,0.49,10.8
7.2,0.48,0.07,5.5,0.089,10,18,0.99684,3.37,0.68,11.2
7,0.49,0.49,5.6,0.06,26,121,0.9974,3.34,0.76,10.5
8.9,0.4,0.32,5.6,0.087,10,47,0.9991,3.38,0.77,10.5
8.9,0.4,0.32,5.6,0.087,10,47,0.9991,3.38,0.77,10.5
6.8,0.69,0,5.6,0.124,21,58,0.9997,3.46,0.72,10.2
6.8,0.69,0,5.6,0.124,21,58,0.9997,3.46,0.72,10.2
6.5,0.88,0.03,5.6,0.079,23,47,0.99572,3.58,0.5,11.2
7.1,0.875,0.05,5.7,0.082,3,14,0.99808,3.4,0.52,10.2
12.8,0.615,0.66,5.8,0.083,7,42,1.0022,3.07,0.73,10
12.8,0.615,0.66,5.8,0.083,7,42,1.0022,3.07,0.73,10
12.9,0.35,0.49,5.8,0.066,5,35,1.0014,3.2,0.66,12
9.9,0.74,0.19,5.8,0.111,33,76,0.99878,3.14,0.55,9.4
7.3,0.45,0.36,5.9,0.074,12,87,0.9978,3.33,0.83,10.5
7.3,0.45,0.36,5.9,0.074,12,87,0.9978,3.33,0.83,10.5
8.8,0.33,0.41,5.9,0.073,7,13,0.99658,3.3,0.62,12.1
7.8,0.64,0.1,6,0.115,5,11,0.9984,3.37,0.69,10.1
8.4,1.035,0.15,6,0.073,11,54,0.999,3.37,0.49,9.9
6.8,0.59,0.06,6,0.06,11,18,0.9962,3.41,0.59,10.8
6.8,0.59,0.06,6,0.06,11,18,0.9962,3.41,0.59,10.8
7.5,0.5,0.36,6.1,0.071,17,102,0.9978,3.35,0.8,10.5
7.5,0.5,0.36,6.1,0.071,17,102,0.9978,3.35,0.8,10.5
8.5,0.655,0.49,6.1,0.122,34,151,1.001,3.31,1.14,9.3
6.6,0.64,0.31,6.1,0.083,7,49,0.99718,3.35,0.68,10.3
11.4,0.625,0.66,6.2,0.088,6,24,0.9988,3.11,0.99,13.3
8.7,0.41,0.41,6.2,0.078,25,42,0.9953,3.24,0.77,12.6
10,0.41,0.45,6.2,0.071,6,14,0.99702,3.21,0.49,11.8
9.5,0.46,0.49,6.3,0.064,5,17,0.9988,3.21,0.73,11
8.5,0.4,0.4,6.3,0.05,3,10,0.99566,3.28,0.56,12
10.3,0.32,0.45,6.4,0.073,5,13,0.9976,3.23,0.82,12.6
8.6,0.37,0.65,6.4,0.08,3,8,0.99817,3.27,0.58,11
8.6,0.37,0.65,6.4,0.08,3,8,0.99817,3.27,0.58,11
10.4,0.44,0.73,6.55,0.074,38,76,0.999,3.17,0.85,12
10.4,0.44,0.73,6.55,0.074,38,76,0.999,3.17,0.85,12
8.6,0.725,0.24,6.6,0.117,31,134,1.0014,3.32,1.07,9.3
10.7,0.9,0.34,6.6,0.112,23,99,1.00289,3.22,0.68,9.3
9.9,0.4,0.53,6.7,0.097,6,19,0.9986,3.27,0.82,11.7
6.9,0.63,0.33,6.7,0.235,66,115,0.99787,3.22,0.56,9.5
7.5,0.65,0.18,7,0.088,27,94,0.99915,3.38,0.77,9.4
7.3,0.59,0.26,7.2,0.07,35,121,0.9981,3.37,0.49,9.4
7.4,0.6,0.26,7.3,0.07,36,121,0.9982,3.37,0.49,9.4
15.9,0.36,0.65,7.5,0.096,22,71,0.9976,2.98,0.84,14.9
6.6,0.8,0.03,7.8,0.079,6,12,0.9963,3.52,0.5,12.2
6.6,0.725,0.2,7.8,0.073,29,79,0.9977,3.29,0.54,9.2
6.6,0.735,0.02,7.9,0.122,68,124,0.9994,3.47,0.53,9.9
6.6,0.735,0.02,7.9,0.122,68,124,0.9994,3.47,0.53,9.9
8.9,0.595,0.41,7.9,0.086,30,109,0.9998,3.27,0.57,9.3
7.5,0.77,0.2,8.1,0.098,30,92,0.99892,3.2,0.58,9.2
7.5,0.77,0.2,8.1,0.098,30,92,0.99892,3.2,0.58,9.2
6.5,0.39,0.23,8.3,0.051,28,91,0.9952,3.44,0.55,12.1
7.9,0.3,0.68,8.3,0.05,37.5,278,0.99316,3.01,0.51,12.3
7.9,0.3,0.68,8.3,0.05,37.5,289,0.99316,3.01,0.51,12.3
6.7,0.42,0.27,8.6,0.068,24,148,0.9948,3.16,0.57,11.3
6.8,0.41,0.31,8.8,0.084,26,45,0.99824,3.38,0.64,10.1
6.8,0.41,0.31,8.8,0.084,26,45,0.99824,3.38,0.64,10.1
9.5,0.39,0.41,8.9,0.069,18,39,0.99859,3.29,0.81,10.9
9.1,0.28,0.46,9,0.114,3,9,0.99901,3.18,0.6,10.9
6.9,0.605,0.12,10.7,0.073,40,83,0.9993,3.45,0.52,9.4
10,0.49,0.2,11,0.071,13,50,1.0015,3.16,0.69,9.2
10,0.49,0.2,11,0.071,13,50,1.0015,3.16,0.69,9.2
6,0.33,0.32,12.9,0.054,6,113,0.99572,3.3,0.56,11.5
5.9,0.29,0.25,13.4,0.067,72,160,0.99721,3.33,0.54,10.3
9.9,0.5,0.5,13.8,0.205,48,82,1.00242,3.16,0.75,8.8
9.9,0.5,0.5,13.8,0.205,48,82,1.00242,3.16,0.75,8.8
5.6,0.31,0.78,13.9,0.074,23,92,0.99677,3.39,0.48,10.5
10.2,0.54,0.37,15.4,0.214,55,95,1.00369,3.18,0.77,9
10.2,0.54,0.37,15.4,0.214,55,95,1.00369,3.18,0.77,9
10.6,0.28,0.39,15.5,0.069,6,23,1.0026,3.12,0.66,9.2
